{"openapi":"3.1.0","info":{"title":"FastAPI","version":"0.1.0"},"servers":[{"url":"/v1"}],"paths":{"favicon.ico":{"get":{"summary":"Favicon","operationId":"faviconfavicon_ico_get","responses":{"200":{"description":"Successful Response","content":{"application/json":{"schema":{}}}}}}},"/predict":{"post":{"summary":"Predict","description":"Start a prediction task using the given data as training data.\nResults can be retrieved using the get-results endpoint.","operationId":"predict_predict_post","requestBody":{"content":{"application/json":{"schema":{"$ref":"#/components/schemas/PredictionRequest"}}},"required":true},"responses":{"200":{"description":"Successful Response","content":{"application/json":{"schema":{"type":"object","title":"Response Predict Predict Post"}}}},"422":{"description":"Validation Error","content":{"application/json":{"schema":{"$ref":"#/components/schemas/HTTPValidationError"}}}}}}},"/evaluate":{"post":{"summary":"Evaluate","description":"Start a prediction task using the given data as training data.\nResults can be retrieved using the get-results endpoint.","operationId":"evaluate_evaluate_post","parameters":[{"name":"n_splits","in":"query","required":false,"schema":{"anyOf":[{"type":"integer"},{"type":"null"}],"default":2,"title":"N Splits"}},{"name":"stride","in":"query","required":false,"schema":{"type":"integer","default":1,"title":"Stride"}}],"requestBody":{"required":true,"content":{"application/json":{"schema":{"$ref":"#/components/schemas/PredictionRequest"}}}},"responses":{"200":{"description":"Successful Response","content":{"application/json":{"schema":{"type":"object","title":"Response Evaluate Evaluate Post"}}}},"422":{"description":"Validation Error","content":{"application/json":{"schema":{"$ref":"#/components/schemas/HTTPValidationError"}}}}}}},"/list-models":{"get":{"summary":"List Models","description":"List all available models. These are not validated. Should set up test suite to validate them","operationId":"list_models_list_models_get","responses":{"200":{"description":"Successful Response","content":{"application/json":{"schema":{"items":{"$ref":"#/components/schemas/ModelSpec"},"type":"array","title":"Response List Models List Models Get"}}}}}}},"/list-features":{"get":{"summary":"List Features","description":"List all available features","operationId":"list_features_list_features_get","responses":{"200":{"description":"Successful Response","content":{"application/json":{"schema":{"items":{"$ref":"#/components/schemas/Feature"},"type":"array","title":"Response List Features List Features Get"}}}}}}},"/get-results":{"get":{"summary":"Get Results","description":"Retrieve results made by the model","operationId":"get_results_get_results_get","responses":{"200":{"description":"Successful Response","content":{"application/json":{"schema":{"$ref":"#/components/schemas/FullPredictionResponse"}}}}}}},"/get-evaluation-results":{"get":{"summary":"Get Evaluation Results","description":"Retrieve evaluation results made by the model","operationId":"get_evaluation_results_get_evaluation_results_get","responses":{"200":{"description":"Successful Response","content":{"application/json":{"schema":{"$ref":"#/components/schemas/EvaluationResponse"}}}}}}},"/get-exception":{"get":{"summary":"Get Exception","description":"Retrieve exception information if the job failed","operationId":"get_exception_get_exception_get","responses":{"200":{"description":"Successful Response","content":{"application/json":{"schema":{"type":"string","title":"Response Get Exception Get Exception Get"}}}}}}},"/cancel":{"post":{"summary":"Cancel","description":"Cancel the current training","operationId":"cancel_cancel_post","responses":{"200":{"description":"Successful Response","content":{"application/json":{"schema":{"type":"object","title":"Response Cancel Cancel Post"}}}}}}},"/status":{"get":{"summary":"Get Status","description":"Retrieve the current status of the model","operationId":"get_status_status_get","responses":{"200":{"description":"Successful Response","content":{"application/json":{"schema":{"$ref":"#/components/schemas/State"}}}}}}}},"components":{"schemas":{"Coordinates":{"prefixItems":[{"anyOf":[{"type":"number"},{"type":"integer"}],"title":"Lon","ge":-180,"le":180},{"anyOf":[{"type":"number"},{"type":"integer"}],"title":"Lat","ge":-90,"le":90}],"type":"array","maxItems":2,"minItems":2},"DataElement":{"properties":{"pe":{"type":"string","title":"Pe"},"ou":{"type":"string","title":"Ou"},"value":{"anyOf":[{"type":"number"},{"type":"null"}],"title":"Value"}},"type":"object","required":["pe","ou","value"],"title":"DataElement"},"DataList":{"properties":{"featureId":{"type":"string","title":"Featureid"},"dhis2Id":{"type":"string","title":"Dhis2Id"},"data":{"items":{"$ref":"#/components/schemas/DataElement"},"type":"array","title":"Data"}},"type":"object","required":["featureId","dhis2Id","data"],"title":"DataList"},"EvaluationEntry":{"properties":{"orgUnit":{"type":"string","title":"Orgunit"},"period":{"type":"string","title":"Period"},"quantile":{"type":"number","title":"Quantile"},"value":{"type":"number","title":"Value"},"splitPeriod":{"type":"string","title":"Splitperiod"}},"type":"object","required":["orgUnit","period","quantile","value","splitPeriod"],"title":"EvaluationEntry"},"EvaluationResponse":{"properties":{"actualCases":{"$ref":"#/components/schemas/DataList"},"predictions":{"items":{"$ref":"#/components/schemas/EvaluationEntry"},"type":"array","title":"Predictions"}},"type":"object","required":["actualCases","predictions"],"title":"EvaluationResponse"},"Feature":{"properties":{"id":{"type":"string","title":"Id"},"name":{"type":"string","title":"Name"},"description":{"type":"string","title":"Description"},"optional":{"type":"boolean","title":"Optional","default":false}},"type":"object","required":["id","name","description"],"title":"Feature"},"FeatureCollectionModel":{"properties":{"type":{"type":"string","title":"Feature Collection","default":"FeatureCollection"},"features":{"items":{"$ref":"#/components/schemas/FeatureModel"},"type":"array","title":"Features"}},"type":"object","required":["features"],"title":"FeatureCollectionModel"},"FeatureModel":{"properties":{"type":{"type":"string","title":"Feature","default":"Feature"},"geometry":{"anyOf":[{"$ref":"#/components/schemas/PointModel"},{"$ref":"#/components/schemas/MultiPointModel"},{"$ref":"#/components/schemas/LineStringModel"},{"$ref":"#/components/schemas/MultiLineStringModel"},{"$ref":"#/components/schemas/PolygonModel"},{"$ref":"#/components/schemas/MultiPolygonModel"}],"title":"Geometry"},"id":{"type":"string","title":"Id"}},"type":"object","required":["geometry","id"],"title":"FeatureModel"},"FullPredictionResponse":{"properties":{"diseaseId":{"type":"string","title":"Diseaseid"},"dataValues":{"items":{"$ref":"#/components/schemas/PredictionResponse"},"type":"array","title":"Datavalues"}},"type":"object","required":["diseaseId","dataValues"],"title":"FullPredictionResponse"},"HTTPValidationError":{"properties":{"detail":{"items":{"$ref":"#/components/schemas/ValidationError"},"type":"array","title":"Detail"}},"type":"object","title":"HTTPValidationError"},"LineStringModel":{"properties":{"type":{"type":"string","title":"LineS String","default":"LineString"},"coordinates":{"items":{"$ref":"#/components/schemas/Coordinates"},"type":"array","title":"Coordinates"}},"type":"object","required":["coordinates"],"title":"LineStringModel"},"ModelSpec":{"properties":{"name":{"type":"string","title":"Name"},"parameters":{"type":"object","title":"Parameters"},"features":{"items":{"$ref":"#/components/schemas/Feature"},"type":"array","title":"Features"},"period":{"$ref":"#/components/schemas/PeriodType","default":"any"},"description":{"type":"string","title":"Description","default":"No Description yet"},"author":{"type":"string","title":"Author","default":"Unknown Author"},"targets":{"type":"string","title":"Targets","default":"disease_cases"}},"type":"object","required":["name","parameters","features"],"title":"ModelSpec"},"MultiLineStringModel":{"properties":{"type":{"type":"string","title":"Multi Line String","default":"MultiLineString"},"coordinates":{"items":{"items":{"$ref":"#/components/schemas/Coordinates"},"type":"array"},"type":"array","title":"Coordinates"}},"type":"object","required":["coordinates"],"title":"MultiLineStringModel"},"MultiPointModel":{"properties":{"type":{"type":"string","title":"Multi Point","default":"MultiPoint"},"coordinates":{"items":{"$ref":"#/components/schemas/Coordinates"},"type":"array","title":"Coordinates"}},"type":"object","required":["coordinates"],"title":"MultiPointModel"},"MultiPolygonModel":{"properties":{"type":{"type":"string","title":"Multi Polygon","default":"MultiPolygon"},"coordinates":{"items":{"items":{"items":{"$ref":"#/components/schemas/Coordinates"},"type":"array"},"type":"array"},"type":"array","title":"Coordinates"}},"type":"object","required":["coordinates"],"title":"MultiPolygonModel"},"PeriodType":{"type":"string","enum":["week","month","any","year"],"title":"PeriodType"},"PointModel":{"properties":{"type":{"type":"string","title":"Point","default":"Point"},"coordinates":{"$ref":"#/components/schemas/Coordinates"}},"type":"object","required":["coordinates"],"title":"PointModel"},"PolygonModel":{"properties":{"type":{"type":"string","title":"Polygon","default":"Polygon"},"coordinates":{"items":{"items":{"$ref":"#/components/schemas/Coordinates"},"type":"array"},"type":"array","title":"Coordinates"}},"type":"object","required":["coordinates"],"title":"PolygonModel"},"PredictionRequest":{"properties":{"orgUnitsGeoJson":{"$ref":"#/components/schemas/FeatureCollectionModel"},"features":{"items":{"$ref":"#/components/schemas/DataList"},"type":"array","title":"Features"},"estimator_id":{"type":"string","title":"Estimator Id","default":"chap_ewars_monthly"},"n_periods":{"type":"integer","title":"N Periods","default":3}},"type":"object","required":["orgUnitsGeoJson","features"],"title":"PredictionRequest"},"PredictionResponse":{"properties":{"orgUnit":{"type":"string","title":"Orgunit"},"dataElement":{"type":"string","title":"Dataelement"},"period":{"type":"string","title":"Period"},"value":{"type":"number","title":"Value"}},"type":"object","required":["orgUnit","dataElement","period","value"],"title":"PredictionResponse"},"State":{"properties":{"ready":{"type":"boolean","title":"Ready"},"status":{"type":"string","title":"Status"},"progress":{"type":"number","title":"Progress","default":0}},"type":"object","required":["ready","status"],"title":"State"},"ValidationError":{"properties":{"loc":{"items":{"anyOf":[{"type":"string"},{"type":"integer"}]},"type":"array","title":"Location"},"msg":{"type":"string","title":"Message"},"type":{"type":"string","title":"Error Type"}},"type":"object","required":["loc","msg","type"],"title":"ValidationError"}}}}